standardDeviation,noOfPeaks,EvolutionDelay,BestSol
86.61123583484712,1,3340.222222222222,422.8888888888889
