standardDeviation,noOfPeaks,EvolutionDelay,BestSol
34.38992100407715,1,1612.0,424.55555555555554
